INSERT INTO s284712.E_CHILD (id,name,age,gender) VALUES (0,'Li',8,False);
INSERT INTO s284712.E_CHILD (id,name,age,gender) VALUES (1,'Kateryina',18,True);
INSERT INTO s284712.E_CHILD (id,name,age,gender) VALUES (2,'Gans',9,False);
INSERT INTO s284712.E_CHILD (id,name,age,gender) VALUES (3,'Ivan',17,False);
INSERT INTO s284712.E_CHILD (id,name,age,gender) VALUES (4,'Li',8,False);
INSERT INTO s284712.E_ADULT (id,name,age,gender) VALUES (0,'Ekaterina',30,True);
INSERT INTO s284712.E_ADULT (id,name,age,gender) VALUES (1,'Kateryina',42,True);
INSERT INTO s284712.E_ADULT (id,name,age,gender) VALUES (2,'Kateryina',20,True);
INSERT INTO s284712.E_ADULT (id,name,age,gender) VALUES (3,'Gans',34,False);
INSERT INTO s284712.E_ADULT (id,name,age,gender) VALUES (4,'Katya',49,True);
INSERT INTO s284712.E_GAME (name,is_competitive) VALUES ('Hiding games',True);
INSERT INTO s284712.E_GAME (name,is_competitive) VALUES ('Chinese whispers',False);
INSERT INTO s284712.E_GAME_INSTANCE (id,name_of_the_game,won_child_id) VALUES (0,'Hiding games',0);
INSERT INTO s284712.E_GAME_INSTANCE (id,name_of_the_game,won_child_id) VALUES (1,'Hiding games',0);
INSERT INTO s284712.E_GAME_INSTANCE (id,name_of_the_game,won_child_id) VALUES (2,'Chinese whispers',NULL);
INSERT INTO s284712.E_GAME_INSTANCE (id,name_of_the_game,won_child_id) VALUES (3,'Chinese whispers',NULL);
INSERT INTO s284712.E_GAME_INSTANCE (id,name_of_the_game,won_child_id) VALUES (4,'Hiding games',1);
INSERT INTO s284712.E_GAME_INSTANCE (id,name_of_the_game,won_child_id) VALUES (5,'Hiding games',1);
INSERT INTO s284712.E_GAME_INSTANCE (id,name_of_the_game,won_child_id) VALUES (6,'Hiding games',1);
INSERT INTO s284712.E_GAME_INSTANCE (id,name_of_the_game,won_child_id) VALUES (7,'Chinese whispers',NULL);
INSERT INTO s284712.E_GAME_INSTANCE (id,name_of_the_game,won_child_id) VALUES (8,'Hiding games',1);
INSERT INTO s284712.E_GAME_INSTANCE (id,name_of_the_game,won_child_id) VALUES (9,'Chinese whispers',NULL);
INSERT INTO s284712.E_GAME_PARTICIPATION (child_id,game_instance_id) VALUES (0,2);
INSERT INTO s284712.E_GAME_PARTICIPATION (child_id,game_instance_id) VALUES (0,5);
INSERT INTO s284712.E_GAME_PARTICIPATION (child_id,game_instance_id) VALUES (1,4);
INSERT INTO s284712.E_GAME_PARTICIPATION (child_id,game_instance_id) VALUES (1,5);
INSERT INTO s284712.E_GAME_PARTICIPATION (child_id,game_instance_id) VALUES (1,9);
INSERT INTO s284712.E_GAME_PARTICIPATION (child_id,game_instance_id) VALUES (1,4);
INSERT INTO s284712.E_GAME_PARTICIPATION (child_id,game_instance_id) VALUES (0,6);
INSERT INTO s284712.E_GAME_PARTICIPATION (child_id,game_instance_id) VALUES (1,7);
INSERT INTO s284712.E_GAME_PARTICIPATION (child_id,game_instance_id) VALUES (1,0);
INSERT INTO s284712.E_GAME_PARTICIPATION (child_id,game_instance_id) VALUES (0,5);
INSERT INTO s284712.E_GAME_PARTICIPATION (child_id,game_instance_id) VALUES (0,3);
INSERT INTO s284712.E_GAME_PARTICIPATION (child_id,game_instance_id) VALUES (1,1);
INSERT INTO s284712.E_GAME_PARTICIPATION (child_id,game_instance_id) VALUES (0,9);
INSERT INTO s284712.E_GAME_PARTICIPATION (child_id,game_instance_id) VALUES (0,4);
INSERT INTO s284712.E_GAME_PARTICIPATION (child_id,game_instance_id) VALUES (1,8);
INSERT INTO s284712.E_GAME_PARTICIPATION (child_id,game_instance_id) VALUES (1,9);
INSERT INTO s284712.E_GAME_PARTICIPATION (child_id,game_instance_id) VALUES (1,0);
INSERT INTO s284712.E_GAME_PARTICIPATION (child_id,game_instance_id) VALUES (1,7);
INSERT INTO s284712.E_GAME_PARTICIPATION (child_id,game_instance_id) VALUES (1,2);
INSERT INTO s284712.E_GAME_PARTICIPATION (child_id,game_instance_id) VALUES (1,3);
INSERT INTO s284712.E_GAME_WATCHING (adult_id,game_instance_id) VALUES (0,2);
INSERT INTO s284712.E_GAME_WATCHING (adult_id,game_instance_id) VALUES (0,0);
INSERT INTO s284712.E_GAME_WATCHING (adult_id,game_instance_id) VALUES (1,7);
INSERT INTO s284712.E_GAME_WATCHING (adult_id,game_instance_id) VALUES (1,8);
INSERT INTO s284712.E_GAME_WATCHING (adult_id,game_instance_id) VALUES (1,8);
INSERT INTO s284712.E_GAME_WATCHING (adult_id,game_instance_id) VALUES (1,6);
INSERT INTO s284712.E_GAME_WATCHING (adult_id,game_instance_id) VALUES (0,3);
INSERT INTO s284712.E_GAME_WATCHING (adult_id,game_instance_id) VALUES (0,2);
INSERT INTO s284712.E_GAME_WATCHING (adult_id,game_instance_id) VALUES (1,5);
INSERT INTO s284712.E_GAME_WATCHING (adult_id,game_instance_id) VALUES (1,2);
INSERT INTO s284712.E_GAME_WATCHING (adult_id,game_instance_id) VALUES (1,8);
INSERT INTO s284712.E_GAME_WATCHING (adult_id,game_instance_id) VALUES (1,6);
INSERT INTO s284712.E_GAME_WATCHING (adult_id,game_instance_id) VALUES (1,1);
INSERT INTO s284712.E_GAME_WATCHING (adult_id,game_instance_id) VALUES (0,9);
INSERT INTO s284712.E_GAME_WATCHING (adult_id,game_instance_id) VALUES (1,5);
INSERT INTO s284712.E_GAME_WATCHING (adult_id,game_instance_id) VALUES (0,1);
INSERT INTO s284712.E_GAME_WATCHING (adult_id,game_instance_id) VALUES (0,1);
INSERT INTO s284712.E_GAME_WATCHING (adult_id,game_instance_id) VALUES (0,8);
INSERT INTO s284712.E_GAME_WATCHING (adult_id,game_instance_id) VALUES (0,2);
INSERT INTO s284712.E_GAME_WATCHING (adult_id,game_instance_id) VALUES (1,4);

