INSERT INTO s284712.E_CHILD (id,name,age,gender) VALUES (0,'Ekaterina',3,True);
INSERT INTO s284712.E_CHILD (id,name,age,gender) VALUES (1,'Ekaterina',11,True);
INSERT INTO s284712.E_CHILD (id,name,age,gender) VALUES (2,'Li',0,False);
INSERT INTO s284712.E_CHILD (id,name,age,gender) VALUES (3,'Li',0,False);
INSERT INTO s284712.E_CHILD (id,name,age,gender) VALUES (4,'Ekaterina',9,True);
INSERT INTO s284712.E_ADULT (id,name,age,gender,is_accept_as_friend) VALUES (0,'Ekaterina',34,True,True);
INSERT INTO s284712.E_ADULT (id,name,age,gender,is_accept_as_friend) VALUES (1,'Li',28,False,False);
INSERT INTO s284712.E_ADULT (id,name,age,gender,is_accept_as_friend) VALUES (2,'Li',23,False,False);
INSERT INTO s284712.E_ADULT (id,name,age,gender,is_accept_as_friend) VALUES (3,'John',33,False,False);
INSERT INTO s284712.E_ADULT (id,name,age,gender,is_accept_as_friend) VALUES (4,'Kate',42,True,True);
INSERT INTO s284712.E_GAME (name,is_competitive) VALUES ('Hiding games',True);
INSERT INTO s284712.E_GAME (name,is_competitive) VALUES ('Chinese whispers',False);
INSERT INTO s284712.E_GAME_INSTANCE (id,name_of_the_game,won_child_id) VALUES (0,'Hiding games',3);
INSERT INTO s284712.E_GAME_INSTANCE (id,name_of_the_game,won_child_id) VALUES (1,'Chinese whispers',NULL);
INSERT INTO s284712.E_GAME_INSTANCE (id,name_of_the_game,won_child_id) VALUES (2,'Hiding games',2);
INSERT INTO s284712.E_GAME_INSTANCE (id,name_of_the_game,won_child_id) VALUES (3,'Hiding games',2);
INSERT INTO s284712.E_GAME_INSTANCE (id,name_of_the_game,won_child_id) VALUES (4,'Chinese whispers',NULL);
INSERT INTO s284712.E_GAME_INSTANCE (id,name_of_the_game,won_child_id) VALUES (5,'Chinese whispers',NULL);
INSERT INTO s284712.E_GAME_INSTANCE (id,name_of_the_game,won_child_id) VALUES (6,'Hiding games',2);
INSERT INTO s284712.E_GAME_INSTANCE (id,name_of_the_game,won_child_id) VALUES (7,'Hiding games',3);
INSERT INTO s284712.E_GAME_INSTANCE (id,name_of_the_game,won_child_id) VALUES (8,'Hiding games',3);
INSERT INTO s284712.E_GAME_INSTANCE (id,name_of_the_game,won_child_id) VALUES (9,'Hiding games',1);
INSERT INTO s284712.E_GAME_PARTICIPATION (child_id,game_instance_id) VALUES (0,2);
INSERT INTO s284712.E_GAME_PARTICIPATION (child_id,game_instance_id) VALUES (1,0);
INSERT INTO s284712.E_GAME_PARTICIPATION (child_id,game_instance_id) VALUES (0,1);
INSERT INTO s284712.E_GAME_PARTICIPATION (child_id,game_instance_id) VALUES (1,1);
INSERT INTO s284712.E_GAME_PARTICIPATION (child_id,game_instance_id) VALUES (0,3);
INSERT INTO s284712.E_GAME_PARTICIPATION (child_id,game_instance_id) VALUES (1,8);
INSERT INTO s284712.E_GAME_PARTICIPATION (child_id,game_instance_id) VALUES (0,2);
INSERT INTO s284712.E_GAME_PARTICIPATION (child_id,game_instance_id) VALUES (1,9);
INSERT INTO s284712.E_GAME_PARTICIPATION (child_id,game_instance_id) VALUES (0,6);
INSERT INTO s284712.E_GAME_PARTICIPATION (child_id,game_instance_id) VALUES (0,4);
INSERT INTO s284712.E_GAME_PARTICIPATION (child_id,game_instance_id) VALUES (1,0);
INSERT INTO s284712.E_GAME_PARTICIPATION (child_id,game_instance_id) VALUES (1,0);
INSERT INTO s284712.E_GAME_PARTICIPATION (child_id,game_instance_id) VALUES (0,9);
INSERT INTO s284712.E_GAME_PARTICIPATION (child_id,game_instance_id) VALUES (1,8);
INSERT INTO s284712.E_GAME_PARTICIPATION (child_id,game_instance_id) VALUES (0,4);
INSERT INTO s284712.E_GAME_PARTICIPATION (child_id,game_instance_id) VALUES (1,5);
INSERT INTO s284712.E_GAME_PARTICIPATION (child_id,game_instance_id) VALUES (1,8);
INSERT INTO s284712.E_GAME_PARTICIPATION (child_id,game_instance_id) VALUES (1,6);
INSERT INTO s284712.E_GAME_PARTICIPATION (child_id,game_instance_id) VALUES (1,8);
INSERT INTO s284712.E_GAME_PARTICIPATION (child_id,game_instance_id) VALUES (0,0);
INSERT INTO s284712.E_GAME_WATCHING (adult_id,game_instance_id) VALUES (1,6);
INSERT INTO s284712.E_GAME_WATCHING (adult_id,game_instance_id) VALUES (0,4);
INSERT INTO s284712.E_GAME_WATCHING (adult_id,game_instance_id) VALUES (0,5);
INSERT INTO s284712.E_GAME_WATCHING (adult_id,game_instance_id) VALUES (0,7);
INSERT INTO s284712.E_GAME_WATCHING (adult_id,game_instance_id) VALUES (1,2);
INSERT INTO s284712.E_GAME_WATCHING (adult_id,game_instance_id) VALUES (1,7);
INSERT INTO s284712.E_GAME_WATCHING (adult_id,game_instance_id) VALUES (1,8);
INSERT INTO s284712.E_GAME_WATCHING (adult_id,game_instance_id) VALUES (1,4);
INSERT INTO s284712.E_GAME_WATCHING (adult_id,game_instance_id) VALUES (1,2);
INSERT INTO s284712.E_GAME_WATCHING (adult_id,game_instance_id) VALUES (0,9);
INSERT INTO s284712.E_GAME_WATCHING (adult_id,game_instance_id) VALUES (0,4);
INSERT INTO s284712.E_GAME_WATCHING (adult_id,game_instance_id) VALUES (0,0);
INSERT INTO s284712.E_GAME_WATCHING (adult_id,game_instance_id) VALUES (0,4);
INSERT INTO s284712.E_GAME_WATCHING (adult_id,game_instance_id) VALUES (0,8);
INSERT INTO s284712.E_GAME_WATCHING (adult_id,game_instance_id) VALUES (1,6);
INSERT INTO s284712.E_GAME_WATCHING (adult_id,game_instance_id) VALUES (0,5);
INSERT INTO s284712.E_GAME_WATCHING (adult_id,game_instance_id) VALUES (1,3);
INSERT INTO s284712.E_GAME_WATCHING (adult_id,game_instance_id) VALUES (0,7);
INSERT INTO s284712.E_GAME_WATCHING (adult_id,game_instance_id) VALUES (0,8);
INSERT INTO s284712.E_GAME_WATCHING (adult_id,game_instance_id) VALUES (1,7);
INSERT INTO s284712.E_FRIENDSHIP (child_id,adult_id) VALUES (1,1);
INSERT INTO s284712.E_FRIENDSHIP (child_id,adult_id) VALUES (0,2);
INSERT INTO s284712.E_FRIENDSHIP (child_id,adult_id) VALUES (3,2);
INSERT INTO s284712.E_FRIENDSHIP (child_id,adult_id) VALUES (0,0);
INSERT INTO s284712.E_FRIENDSHIP (child_id,adult_id) VALUES (2,1);
INSERT INTO s284712.E_FRIENDSHIP (child_id,adult_id) VALUES (2,2);
INSERT INTO s284712.E_FRIENDSHIP (child_id,adult_id) VALUES (3,3);
INSERT INTO s284712.E_FRIENDSHIP (child_id,adult_id) VALUES (0,3);
INSERT INTO s284712.E_FRIENDSHIP (child_id,adult_id) VALUES (2,2);
INSERT INTO s284712.E_FRIENDSHIP (child_id,adult_id) VALUES (3,0);
INSERT INTO s284712.E_FRIENDSHIP (child_id,adult_id) VALUES (3,0);
INSERT INTO s284712.E_FRIENDSHIP (child_id,adult_id) VALUES (3,0);
INSERT INTO s284712.E_FRIENDSHIP (child_id,adult_id) VALUES (3,1);
INSERT INTO s284712.E_FRIENDSHIP (child_id,adult_id) VALUES (0,1);
INSERT INTO s284712.E_FRIENDSHIP (child_id,adult_id) VALUES (3,0);
INSERT INTO s284712.E_FRIENDSHIP (child_id,adult_id) VALUES (2,2);
INSERT INTO s284712.E_FRIENDSHIP (child_id,adult_id) VALUES (2,3);
INSERT INTO s284712.E_FRIENDSHIP (child_id,adult_id) VALUES (1,0);
INSERT INTO s284712.E_FRIENDSHIP (child_id,adult_id) VALUES (2,3);
INSERT INTO s284712.E_FRIENDSHIP (child_id,adult_id) VALUES (2,3);

