INSERT INTO s284712.E_CHILD (id,name,age,gender) VALUES (0,'Youlya',1,True);
INSERT INTO s284712.E_CHILD (id,name,age,gender) VALUES (1,'Nikita',16,False);
INSERT INTO s284712.E_CHILD (id,name,age,gender) VALUES (2,'Ivan',10,False);
INSERT INTO s284712.E_CHILD (id,name,age,gender) VALUES (3,'Nikita',18,False);
INSERT INTO s284712.E_CHILD (id,name,age,gender) VALUES (4,'Maria',0,True);
INSERT INTO s284712.E_CHILD (id,name,age,gender) VALUES (5,'Maria',11,True);
INSERT INTO s284712.E_ADULT (id,name,age,gender) VALUES (0,'Nikita',40,False);
INSERT INTO s284712.E_ADULT (id,name,age,gender) VALUES (1,'Gans',28,False);
INSERT INTO s284712.E_ADULT (id,name,age,gender) VALUES (2,'Ivan',38,False);
INSERT INTO s284712.E_ADULT (id,name,age,gender) VALUES (3,'Nastya',26,True);
INSERT INTO s284712.E_ADULT (id,name,age,gender) VALUES (4,'Anna',49,True);
INSERT INTO s284712.E_ADULT (id,name,age,gender) VALUES (5,'Ekaterina',32,True);
INSERT INTO s284712.E_GAME (name,is_competitive) VALUES ('Hiding games',True);
INSERT INTO s284712.E_GAME (name,is_competitive) VALUES ('Chinese whispers',False);
INSERT INTO s284712.E_GAME_INSTANCE (id,name_of_the_game,won_child_id) VALUES (0,'Hiding games',4);
INSERT INTO s284712.E_GAME_INSTANCE (id,name_of_the_game,won_child_id) VALUES (1,'Chinese whispers',NULL);
INSERT INTO s284712.E_GAME_INSTANCE (id,name_of_the_game,won_child_id) VALUES (2,'Chinese whispers',NULL);
INSERT INTO s284712.E_GAME_INSTANCE (id,name_of_the_game,won_child_id) VALUES (3,'Hiding games',2);
INSERT INTO s284712.E_GAME_INSTANCE (id,name_of_the_game,won_child_id) VALUES (4,'Hiding games',5);
INSERT INTO s284712.E_GAME_INSTANCE (id,name_of_the_game,won_child_id) VALUES (5,'Hiding games',3);
INSERT INTO s284712.E_GAME_INSTANCE (id,name_of_the_game,won_child_id) VALUES (6,'Chinese whispers',NULL);
INSERT INTO s284712.E_GAME_INSTANCE (id,name_of_the_game,won_child_id) VALUES (7,'Chinese whispers',NULL);
INSERT INTO s284712.E_GAME_INSTANCE (id,name_of_the_game,won_child_id) VALUES (8,'Chinese whispers',NULL);
INSERT INTO s284712.E_GAME_INSTANCE (id,name_of_the_game,won_child_id) VALUES (9,'Hiding games',3);
INSERT INTO s284712.E_GAME_PARTICIPATION (child_id,game_instance_id) VALUES (1,7);
INSERT INTO s284712.E_GAME_PARTICIPATION (child_id,game_instance_id) VALUES (0,9);
INSERT INTO s284712.E_GAME_PARTICIPATION (child_id,game_instance_id) VALUES (1,3);
INSERT INTO s284712.E_GAME_PARTICIPATION (child_id,game_instance_id) VALUES (0,4);
INSERT INTO s284712.E_GAME_PARTICIPATION (child_id,game_instance_id) VALUES (0,8);
INSERT INTO s284712.E_GAME_PARTICIPATION (child_id,game_instance_id) VALUES (1,6);
INSERT INTO s284712.E_GAME_PARTICIPATION (child_id,game_instance_id) VALUES (1,2);
INSERT INTO s284712.E_GAME_PARTICIPATION (child_id,game_instance_id) VALUES (1,4);
INSERT INTO s284712.E_GAME_PARTICIPATION (child_id,game_instance_id) VALUES (0,9);
INSERT INTO s284712.E_GAME_PARTICIPATION (child_id,game_instance_id) VALUES (1,5);
INSERT INTO s284712.E_GAME_WATCHING (adult_id,game_instance_id) VALUES (0,0);
INSERT INTO s284712.E_GAME_WATCHING (adult_id,game_instance_id) VALUES (1,8);
INSERT INTO s284712.E_GAME_WATCHING (adult_id,game_instance_id) VALUES (0,7);
INSERT INTO s284712.E_GAME_WATCHING (adult_id,game_instance_id) VALUES (1,0);
INSERT INTO s284712.E_GAME_WATCHING (adult_id,game_instance_id) VALUES (1,0);
INSERT INTO s284712.E_GAME_WATCHING (adult_id,game_instance_id) VALUES (0,7);
INSERT INTO s284712.E_GAME_WATCHING (adult_id,game_instance_id) VALUES (1,5);
INSERT INTO s284712.E_GAME_WATCHING (adult_id,game_instance_id) VALUES (1,1);
INSERT INTO s284712.E_GAME_WATCHING (adult_id,game_instance_id) VALUES (1,5);
INSERT INTO s284712.E_GAME_WATCHING (adult_id,game_instance_id) VALUES (0,2);
INSERT INTO s284712.E_FRIENDSHIP (child_id,adult_id) VALUES (5,3);
INSERT INTO s284712.E_FRIENDSHIP (child_id,adult_id) VALUES (0,2);
INSERT INTO s284712.E_FRIENDSHIP (child_id,adult_id) VALUES (0,1);
INSERT INTO s284712.E_FRIENDSHIP (child_id,adult_id) VALUES (0,2);
INSERT INTO s284712.E_FRIENDSHIP (child_id,adult_id) VALUES (0,2);
INSERT INTO s284712.E_FRIENDSHIP (child_id,adult_id) VALUES (1,4);
INSERT INTO s284712.E_FRIENDSHIP (child_id,adult_id) VALUES (4,0);
INSERT INTO s284712.E_FRIENDSHIP (child_id,adult_id) VALUES (0,3);
INSERT INTO s284712.E_FRIENDSHIP (child_id,adult_id) VALUES (2,5);
INSERT INTO s284712.E_FRIENDSHIP (child_id,adult_id) VALUES (0,3);

