INSERT INTO s284712.E_CHILD (id,name,age,gender) VALUES (0,'Gans',6,False);
INSERT INTO s284712.E_CHILD (id,name,age,gender) VALUES (1,'Kate',0,True);
INSERT INTO s284712.E_CHILD (id,name,age,gender) VALUES (2,'John',8,False);
INSERT INTO s284712.E_CHILD (id,name,age,gender) VALUES (3,'Kate',5,True);
INSERT INTO s284712.E_CHILD (id,name,age,gender) VALUES (4,'Kate',3,True);
INSERT INTO s284712.E_ADULT (id,name,age,gender,is_accept_as_friend) VALUES (0,'Gans',31,False,False);
INSERT INTO s284712.E_ADULT (id,name,age,gender,is_accept_as_friend) VALUES (1,'John',41,False,False);
INSERT INTO s284712.E_ADULT (id,name,age,gender,is_accept_as_friend) VALUES (2,'Ekaterina',42,True,False);
INSERT INTO s284712.E_ADULT (id,name,age,gender,is_accept_as_friend) VALUES (3,'John',30,False,False);
INSERT INTO s284712.E_ADULT (id,name,age,gender,is_accept_as_friend) VALUES (4,'Ekaterina',29,True,False);
INSERT INTO s284712.E_GAME (name,is_competitive) VALUES ('Hiding games',True);
INSERT INTO s284712.E_GAME (name,is_competitive) VALUES ('Chinese whispers',False);
INSERT INTO s284712.E_GAME_INSTANCE (id,name_of_the_game,won_child_id) VALUES (0,'Chinese whispers',NULL);
INSERT INTO s284712.E_GAME_INSTANCE (id,name_of_the_game,won_child_id) VALUES (1,'Hiding games',0);
INSERT INTO s284712.E_GAME_INSTANCE (id,name_of_the_game,won_child_id) VALUES (2,'Chinese whispers',NULL);
INSERT INTO s284712.E_GAME_INSTANCE (id,name_of_the_game,won_child_id) VALUES (3,'Hiding games',0);
INSERT INTO s284712.E_GAME_INSTANCE (id,name_of_the_game,won_child_id) VALUES (4,'Hiding games',0);
INSERT INTO s284712.E_GAME_INSTANCE (id,name_of_the_game,won_child_id) VALUES (5,'Hiding games',1);
INSERT INTO s284712.E_GAME_INSTANCE (id,name_of_the_game,won_child_id) VALUES (6,'Hiding games',2);
INSERT INTO s284712.E_GAME_INSTANCE (id,name_of_the_game,won_child_id) VALUES (7,'Chinese whispers',NULL);
INSERT INTO s284712.E_GAME_INSTANCE (id,name_of_the_game,won_child_id) VALUES (8,'Chinese whispers',NULL);
INSERT INTO s284712.E_GAME_INSTANCE (id,name_of_the_game,won_child_id) VALUES (9,'Hiding games',3);
INSERT INTO s284712.E_GAME_PARTICIPATION (child_id,game_instance_id) VALUES (1,5);
INSERT INTO s284712.E_GAME_PARTICIPATION (child_id,game_instance_id) VALUES (1,9);
INSERT INTO s284712.E_GAME_PARTICIPATION (child_id,game_instance_id) VALUES (0,5);
INSERT INTO s284712.E_GAME_PARTICIPATION (child_id,game_instance_id) VALUES (0,0);
INSERT INTO s284712.E_GAME_PARTICIPATION (child_id,game_instance_id) VALUES (0,8);
INSERT INTO s284712.E_GAME_PARTICIPATION (child_id,game_instance_id) VALUES (1,8);
INSERT INTO s284712.E_GAME_PARTICIPATION (child_id,game_instance_id) VALUES (0,3);
INSERT INTO s284712.E_GAME_PARTICIPATION (child_id,game_instance_id) VALUES (1,4);
INSERT INTO s284712.E_GAME_PARTICIPATION (child_id,game_instance_id) VALUES (0,0);
INSERT INTO s284712.E_GAME_PARTICIPATION (child_id,game_instance_id) VALUES (0,9);
INSERT INTO s284712.E_GAME_PARTICIPATION (child_id,game_instance_id) VALUES (0,7);
INSERT INTO s284712.E_GAME_PARTICIPATION (child_id,game_instance_id) VALUES (1,6);
INSERT INTO s284712.E_GAME_PARTICIPATION (child_id,game_instance_id) VALUES (0,4);
INSERT INTO s284712.E_GAME_PARTICIPATION (child_id,game_instance_id) VALUES (0,6);
INSERT INTO s284712.E_GAME_PARTICIPATION (child_id,game_instance_id) VALUES (0,9);
INSERT INTO s284712.E_GAME_PARTICIPATION (child_id,game_instance_id) VALUES (1,2);
INSERT INTO s284712.E_GAME_PARTICIPATION (child_id,game_instance_id) VALUES (0,1);
INSERT INTO s284712.E_GAME_PARTICIPATION (child_id,game_instance_id) VALUES (0,3);
INSERT INTO s284712.E_GAME_PARTICIPATION (child_id,game_instance_id) VALUES (1,1);
INSERT INTO s284712.E_GAME_PARTICIPATION (child_id,game_instance_id) VALUES (0,4);
INSERT INTO s284712.E_GAME_WATCHING (adult_id,game_instance_id) VALUES (0,1);
INSERT INTO s284712.E_GAME_WATCHING (adult_id,game_instance_id) VALUES (0,5);
INSERT INTO s284712.E_GAME_WATCHING (adult_id,game_instance_id) VALUES (0,5);
INSERT INTO s284712.E_GAME_WATCHING (adult_id,game_instance_id) VALUES (1,9);
INSERT INTO s284712.E_GAME_WATCHING (adult_id,game_instance_id) VALUES (1,5);
INSERT INTO s284712.E_GAME_WATCHING (adult_id,game_instance_id) VALUES (1,7);
INSERT INTO s284712.E_GAME_WATCHING (adult_id,game_instance_id) VALUES (0,0);
INSERT INTO s284712.E_GAME_WATCHING (adult_id,game_instance_id) VALUES (1,3);
INSERT INTO s284712.E_GAME_WATCHING (adult_id,game_instance_id) VALUES (1,8);
INSERT INTO s284712.E_GAME_WATCHING (adult_id,game_instance_id) VALUES (1,3);
INSERT INTO s284712.E_GAME_WATCHING (adult_id,game_instance_id) VALUES (0,7);
INSERT INTO s284712.E_GAME_WATCHING (adult_id,game_instance_id) VALUES (1,6);
INSERT INTO s284712.E_GAME_WATCHING (adult_id,game_instance_id) VALUES (0,4);
INSERT INTO s284712.E_GAME_WATCHING (adult_id,game_instance_id) VALUES (0,9);
INSERT INTO s284712.E_GAME_WATCHING (adult_id,game_instance_id) VALUES (1,5);
INSERT INTO s284712.E_GAME_WATCHING (adult_id,game_instance_id) VALUES (0,2);
INSERT INTO s284712.E_GAME_WATCHING (adult_id,game_instance_id) VALUES (1,6);
INSERT INTO s284712.E_GAME_WATCHING (adult_id,game_instance_id) VALUES (1,5);
INSERT INTO s284712.E_GAME_WATCHING (adult_id,game_instance_id) VALUES (1,2);
INSERT INTO s284712.E_GAME_WATCHING (adult_id,game_instance_id) VALUES (0,1);

