INSERT INTO s284712.E_CHILD (id,name,age,gender) VALUES (0,'Li',14,False);
INSERT INTO s284712.E_CHILD (id,name,age,gender) VALUES (1,'Maria',13,True);
INSERT INTO s284712.E_CHILD (id,name,age,gender) VALUES (2,'Nikita',1,False);
INSERT INTO s284712.E_CHILD (id,name,age,gender) VALUES (3,'Spartak',9,False);
INSERT INTO s284712.E_CHILD (id,name,age,gender) VALUES (4,'Nastya',3,True);
INSERT INTO s284712.E_CHILD (id,name,age,gender) VALUES (5,'Nikita',7,False);
INSERT INTO s284712.E_ADULT (id,name,age,gender) VALUES (0,'Nikita',45,False);
INSERT INTO s284712.E_ADULT (id,name,age,gender) VALUES (1,'Youlya',37,True);
INSERT INTO s284712.E_ADULT (id,name,age,gender) VALUES (2,'Maria',19,True);
INSERT INTO s284712.E_ADULT (id,name,age,gender) VALUES (3,'Katya',25,True);
INSERT INTO s284712.E_ADULT (id,name,age,gender) VALUES (4,'Ekaterina',33,True);
INSERT INTO s284712.E_ADULT (id,name,age,gender) VALUES (5,'Katya',18,True);
INSERT INTO s284712.E_GAME (name,is_competitive) VALUES ('Hiding games',True);
INSERT INTO s284712.E_GAME (name,is_competitive) VALUES ('Chinese whispers',False);
INSERT INTO s284712.E_GAME_INSTANCE (id,name_of_the_game,won_child_id) VALUES (0,'Hiding games',2);
INSERT INTO s284712.E_GAME_INSTANCE (id,name_of_the_game,won_child_id) VALUES (1,'Hiding games',4);
INSERT INTO s284712.E_GAME_INSTANCE (id,name_of_the_game,won_child_id) VALUES (2,'Chinese whispers',NULL);
INSERT INTO s284712.E_GAME_INSTANCE (id,name_of_the_game,won_child_id) VALUES (3,'Chinese whispers',NULL);
INSERT INTO s284712.E_GAME_INSTANCE (id,name_of_the_game,won_child_id) VALUES (4,'Chinese whispers',NULL);
INSERT INTO s284712.E_GAME_INSTANCE (id,name_of_the_game,won_child_id) VALUES (5,'Chinese whispers',NULL);
INSERT INTO s284712.E_GAME_INSTANCE (id,name_of_the_game,won_child_id) VALUES (6,'Hiding games',3);
INSERT INTO s284712.E_GAME_INSTANCE (id,name_of_the_game,won_child_id) VALUES (7,'Hiding games',1);
INSERT INTO s284712.E_GAME_INSTANCE (id,name_of_the_game,won_child_id) VALUES (8,'Chinese whispers',NULL);
INSERT INTO s284712.E_GAME_INSTANCE (id,name_of_the_game,won_child_id) VALUES (9,'Hiding games',0);
INSERT INTO s284712.E_GAME_PARTICIPATION (child_id,game_instance_id) VALUES (0,8);
INSERT INTO s284712.E_GAME_PARTICIPATION (child_id,game_instance_id) VALUES (0,0);
INSERT INTO s284712.E_GAME_PARTICIPATION (child_id,game_instance_id) VALUES (0,7);
INSERT INTO s284712.E_GAME_PARTICIPATION (child_id,game_instance_id) VALUES (1,8);
INSERT INTO s284712.E_GAME_PARTICIPATION (child_id,game_instance_id) VALUES (1,6);
INSERT INTO s284712.E_GAME_PARTICIPATION (child_id,game_instance_id) VALUES (0,9);
INSERT INTO s284712.E_GAME_PARTICIPATION (child_id,game_instance_id) VALUES (1,9);
INSERT INTO s284712.E_GAME_PARTICIPATION (child_id,game_instance_id) VALUES (0,4);
INSERT INTO s284712.E_GAME_PARTICIPATION (child_id,game_instance_id) VALUES (0,2);
INSERT INTO s284712.E_GAME_PARTICIPATION (child_id,game_instance_id) VALUES (1,4);
INSERT INTO s284712.E_GAME_PARTICIPATION (child_id,game_instance_id) VALUES (1,4);
INSERT INTO s284712.E_GAME_PARTICIPATION (child_id,game_instance_id) VALUES (1,7);
INSERT INTO s284712.E_GAME_PARTICIPATION (child_id,game_instance_id) VALUES (1,8);
INSERT INTO s284712.E_GAME_PARTICIPATION (child_id,game_instance_id) VALUES (0,9);
INSERT INTO s284712.E_GAME_PARTICIPATION (child_id,game_instance_id) VALUES (0,2);
INSERT INTO s284712.E_GAME_PARTICIPATION (child_id,game_instance_id) VALUES (1,5);
INSERT INTO s284712.E_GAME_PARTICIPATION (child_id,game_instance_id) VALUES (0,9);
INSERT INTO s284712.E_GAME_PARTICIPATION (child_id,game_instance_id) VALUES (1,8);
INSERT INTO s284712.E_GAME_PARTICIPATION (child_id,game_instance_id) VALUES (1,6);
INSERT INTO s284712.E_GAME_PARTICIPATION (child_id,game_instance_id) VALUES (0,5);
INSERT INTO s284712.E_GAME_WATCHING (adult_id,game_instance_id) VALUES (0,9);
INSERT INTO s284712.E_GAME_WATCHING (adult_id,game_instance_id) VALUES (1,0);
INSERT INTO s284712.E_GAME_WATCHING (adult_id,game_instance_id) VALUES (0,2);
INSERT INTO s284712.E_GAME_WATCHING (adult_id,game_instance_id) VALUES (0,3);
INSERT INTO s284712.E_GAME_WATCHING (adult_id,game_instance_id) VALUES (1,5);
INSERT INTO s284712.E_GAME_WATCHING (adult_id,game_instance_id) VALUES (1,3);
INSERT INTO s284712.E_GAME_WATCHING (adult_id,game_instance_id) VALUES (1,0);
INSERT INTO s284712.E_GAME_WATCHING (adult_id,game_instance_id) VALUES (0,5);
INSERT INTO s284712.E_GAME_WATCHING (adult_id,game_instance_id) VALUES (0,8);
INSERT INTO s284712.E_GAME_WATCHING (adult_id,game_instance_id) VALUES (1,2);
INSERT INTO s284712.E_GAME_WATCHING (adult_id,game_instance_id) VALUES (0,4);
INSERT INTO s284712.E_GAME_WATCHING (adult_id,game_instance_id) VALUES (0,2);
INSERT INTO s284712.E_GAME_WATCHING (adult_id,game_instance_id) VALUES (1,1);
INSERT INTO s284712.E_GAME_WATCHING (adult_id,game_instance_id) VALUES (0,3);
INSERT INTO s284712.E_GAME_WATCHING (adult_id,game_instance_id) VALUES (1,2);
INSERT INTO s284712.E_GAME_WATCHING (adult_id,game_instance_id) VALUES (0,6);
INSERT INTO s284712.E_GAME_WATCHING (adult_id,game_instance_id) VALUES (1,9);
INSERT INTO s284712.E_GAME_WATCHING (adult_id,game_instance_id) VALUES (1,3);
INSERT INTO s284712.E_GAME_WATCHING (adult_id,game_instance_id) VALUES (1,2);
INSERT INTO s284712.E_GAME_WATCHING (adult_id,game_instance_id) VALUES (0,2);
INSERT INTO s284712.E_FRIENDSHIP (child_id,adult_id) VALUES (1,1);
INSERT INTO s284712.E_FRIENDSHIP (child_id,adult_id) VALUES (3,0);
INSERT INTO s284712.E_FRIENDSHIP (child_id,adult_id) VALUES (4,3);
INSERT INTO s284712.E_FRIENDSHIP (child_id,adult_id) VALUES (3,5);
INSERT INTO s284712.E_FRIENDSHIP (child_id,adult_id) VALUES (0,2);
INSERT INTO s284712.E_FRIENDSHIP (child_id,adult_id) VALUES (5,2);
INSERT INTO s284712.E_FRIENDSHIP (child_id,adult_id) VALUES (2,2);
INSERT INTO s284712.E_FRIENDSHIP (child_id,adult_id) VALUES (0,0);
INSERT INTO s284712.E_FRIENDSHIP (child_id,adult_id) VALUES (5,0);
INSERT INTO s284712.E_FRIENDSHIP (child_id,adult_id) VALUES (2,2);
INSERT INTO s284712.E_FRIENDSHIP (child_id,adult_id) VALUES (0,4);
INSERT INTO s284712.E_FRIENDSHIP (child_id,adult_id) VALUES (4,0);
INSERT INTO s284712.E_FRIENDSHIP (child_id,adult_id) VALUES (5,1);
INSERT INTO s284712.E_FRIENDSHIP (child_id,adult_id) VALUES (5,5);
INSERT INTO s284712.E_FRIENDSHIP (child_id,adult_id) VALUES (2,5);
INSERT INTO s284712.E_FRIENDSHIP (child_id,adult_id) VALUES (2,0);
INSERT INTO s284712.E_FRIENDSHIP (child_id,adult_id) VALUES (3,2);
INSERT INTO s284712.E_FRIENDSHIP (child_id,adult_id) VALUES (1,5);
INSERT INTO s284712.E_FRIENDSHIP (child_id,adult_id) VALUES (4,4);
INSERT INTO s284712.E_FRIENDSHIP (child_id,adult_id) VALUES (1,4);

