INSERT INTO s284712.E_CHILD (id,name,age,gender) VALUES (0,'John',7,False);
INSERT INTO s284712.E_CHILD (id,name,age,gender) VALUES (1,'Ekaterina',4,True);
INSERT INTO s284712.E_CHILD (id,name,age,gender) VALUES (2,'Kateryina',3,True);
INSERT INTO s284712.E_CHILD (id,name,age,gender) VALUES (3,'Ivan',10,False);
INSERT INTO s284712.E_CHILD (id,name,age,gender) VALUES (4,'Kateryina',12,True);
INSERT INTO s284712.E_ADULT (id,name,age,gender) VALUES (0,'Ekaterina',18,True);
INSERT INTO s284712.E_ADULT (id,name,age,gender) VALUES (1,'Ivan',31,False);
INSERT INTO s284712.E_ADULT (id,name,age,gender) VALUES (2,'Ivan',45,False);
INSERT INTO s284712.E_ADULT (id,name,age,gender) VALUES (3,'Li',49,False);
INSERT INTO s284712.E_ADULT (id,name,age,gender) VALUES (4,'John',28,False);
INSERT INTO s284712.E_GAME (name,is_competitive) VALUES ('Hiding games',True);
INSERT INTO s284712.E_GAME (name,is_competitive) VALUES ('Chinese whispers',False);
INSERT INTO s284712.E_GAME_INSTANCE (id,name_of_the_game,won_child_id) VALUES (0,'Hiding games',0);
INSERT INTO s284712.E_GAME_INSTANCE (id,name_of_the_game,won_child_id) VALUES (1,'Hiding games',0);
INSERT INTO s284712.E_GAME_INSTANCE (id,name_of_the_game,won_child_id) VALUES (2,'Chinese whispers',NULL);
INSERT INTO s284712.E_GAME_INSTANCE (id,name_of_the_game,won_child_id) VALUES (3,'Chinese whispers',NULL);
INSERT INTO s284712.E_GAME_INSTANCE (id,name_of_the_game,won_child_id) VALUES (4,'Hiding games',0);
INSERT INTO s284712.E_GAME_INSTANCE (id,name_of_the_game,won_child_id) VALUES (5,'Hiding games',0);
INSERT INTO s284712.E_GAME_INSTANCE (id,name_of_the_game,won_child_id) VALUES (6,'Chinese whispers',NULL);
INSERT INTO s284712.E_GAME_INSTANCE (id,name_of_the_game,won_child_id) VALUES (7,'Hiding games',0);
INSERT INTO s284712.E_GAME_INSTANCE (id,name_of_the_game,won_child_id) VALUES (8,'Hiding games',1);
INSERT INTO s284712.E_GAME_INSTANCE (id,name_of_the_game,won_child_id) VALUES (9,'Hiding games',1);
INSERT INTO s284712.E_GAME_PARTICIPATION (id,child_id,game_instance_id) VALUES (1,0,9);
INSERT INTO s284712.E_GAME_PARTICIPATION (id,child_id,game_instance_id) VALUES (5,1,7);
INSERT INTO s284712.E_GAME_PARTICIPATION (id,child_id,game_instance_id) VALUES (7,0,5);
INSERT INTO s284712.E_GAME_PARTICIPATION (id,child_id,game_instance_id) VALUES (8,0,2);
INSERT INTO s284712.E_GAME_PARTICIPATION (id,child_id,game_instance_id) VALUES (0,1,7);
INSERT INTO s284712.E_GAME_PARTICIPATION (id,child_id,game_instance_id) VALUES (9,1,4);
INSERT INTO s284712.E_GAME_PARTICIPATION (id,child_id,game_instance_id) VALUES (9,0,5);
INSERT INTO s284712.E_GAME_PARTICIPATION (id,child_id,game_instance_id) VALUES (1,0,4);
INSERT INTO s284712.E_GAME_PARTICIPATION (id,child_id,game_instance_id) VALUES (4,0,5);
INSERT INTO s284712.E_GAME_PARTICIPATION (id,child_id,game_instance_id) VALUES (9,0,6);
INSERT INTO s284712.E_GAME_PARTICIPATION (id,child_id,game_instance_id) VALUES (8,1,1);
INSERT INTO s284712.E_GAME_PARTICIPATION (id,child_id,game_instance_id) VALUES (6,1,2);
INSERT INTO s284712.E_GAME_PARTICIPATION (id,child_id,game_instance_id) VALUES (0,0,2);
INSERT INTO s284712.E_GAME_PARTICIPATION (id,child_id,game_instance_id) VALUES (5,0,9);
INSERT INTO s284712.E_GAME_PARTICIPATION (id,child_id,game_instance_id) VALUES (1,1,7);
INSERT INTO s284712.E_GAME_PARTICIPATION (id,child_id,game_instance_id) VALUES (1,0,8);
INSERT INTO s284712.E_GAME_PARTICIPATION (id,child_id,game_instance_id) VALUES (9,1,0);
INSERT INTO s284712.E_GAME_PARTICIPATION (id,child_id,game_instance_id) VALUES (0,0,7);
INSERT INTO s284712.E_GAME_PARTICIPATION (id,child_id,game_instance_id) VALUES (1,0,0);
INSERT INTO s284712.E_GAME_PARTICIPATION (id,child_id,game_instance_id) VALUES (4,0,4);
INSERT INTO s284712.E_GAME_WATCHING (id,adult_id,game_instance_id) VALUES (8,0,5);
INSERT INTO s284712.E_GAME_WATCHING (id,adult_id,game_instance_id) VALUES (8,1,1);
INSERT INTO s284712.E_GAME_WATCHING (id,adult_id,game_instance_id) VALUES (9,0,3);
INSERT INTO s284712.E_GAME_WATCHING (id,adult_id,game_instance_id) VALUES (7,1,6);
INSERT INTO s284712.E_GAME_WATCHING (id,adult_id,game_instance_id) VALUES (9,0,0);
INSERT INTO s284712.E_GAME_WATCHING (id,adult_id,game_instance_id) VALUES (0,0,0);
INSERT INTO s284712.E_GAME_WATCHING (id,adult_id,game_instance_id) VALUES (10,1,7);
INSERT INTO s284712.E_GAME_WATCHING (id,adult_id,game_instance_id) VALUES (2,1,3);
INSERT INTO s284712.E_GAME_WATCHING (id,adult_id,game_instance_id) VALUES (9,1,8);
INSERT INTO s284712.E_GAME_WATCHING (id,adult_id,game_instance_id) VALUES (7,1,9);
INSERT INTO s284712.E_GAME_WATCHING (id,adult_id,game_instance_id) VALUES (9,1,7);
INSERT INTO s284712.E_GAME_WATCHING (id,adult_id,game_instance_id) VALUES (7,0,0);
INSERT INTO s284712.E_GAME_WATCHING (id,adult_id,game_instance_id) VALUES (3,1,9);
INSERT INTO s284712.E_GAME_WATCHING (id,adult_id,game_instance_id) VALUES (0,0,9);
INSERT INTO s284712.E_GAME_WATCHING (id,adult_id,game_instance_id) VALUES (4,1,0);
INSERT INTO s284712.E_GAME_WATCHING (id,adult_id,game_instance_id) VALUES (5,0,3);
INSERT INTO s284712.E_GAME_WATCHING (id,adult_id,game_instance_id) VALUES (3,1,8);
INSERT INTO s284712.E_GAME_WATCHING (id,adult_id,game_instance_id) VALUES (5,1,9);
INSERT INTO s284712.E_GAME_WATCHING (id,adult_id,game_instance_id) VALUES (9,1,5);
INSERT INTO s284712.E_GAME_WATCHING (id,adult_id,game_instance_id) VALUES (8,1,8);

