INSERT INTO s284712.CHILD (id,name,age,gender) VALUES (0,'Kate',16,True);
INSERT INTO s284712.CHILD (id,name,age,gender) VALUES (1,'Maria',9,True);
INSERT INTO s284712.CHILD (id,name,age,gender) VALUES (2,'Maria',9,True);
INSERT INTO s284712.CHILD (id,name,age,gender) VALUES (3,'Anna',11,True);
INSERT INTO s284712.CHILD (id,name,age,gender) VALUES (4,'Spartak',7,False);
INSERT INTO s284712.CHILD (id,name,age,gender) VALUES (5,'Nastya',2,True);
INSERT INTO s284712.ADULT (id,name,age,gender) VALUES (0,'Anna',18,True);
INSERT INTO s284712.ADULT (id,name,age,gender) VALUES (1,'Maria',38,True);
INSERT INTO s284712.ADULT (id,name,age,gender) VALUES (2,'Ivan',18,False);
INSERT INTO s284712.ADULT (id,name,age,gender) VALUES (3,'Youlya',25,True);
INSERT INTO s284712.ADULT (id,name,age,gender) VALUES (4,'Kate',39,True);
INSERT INTO s284712.ADULT (id,name,age,gender) VALUES (5,'Youlya',44,True);
INSERT INTO s284712.GAME (id,name,is_competitive) VALUES (0,'Hiding games',True);
INSERT INTO s284712.GAME (id,name,is_competitive) VALUES (1,'Chinese whispers',False);
INSERT INTO s284712.GAME_INSTANCE (id,game_id,won_child_id) VALUES (0,0,1);
INSERT INTO s284712.GAME_INSTANCE (id,game_id,won_child_id) VALUES (1,0,NULL);
INSERT INTO s284712.GAME_INSTANCE (id,game_id,won_child_id) VALUES (2,0,2);
INSERT INTO s284712.GAME_INSTANCE (id,game_id,won_child_id) VALUES (3,0,NULL);
INSERT INTO s284712.GAME_INSTANCE (id,game_id,won_child_id) VALUES (4,0,5);
INSERT INTO s284712.GAME_INSTANCE (id,game_id,won_child_id) VALUES (5,0,NULL);
INSERT INTO s284712.GAME_INSTANCE (id,game_id,won_child_id) VALUES (6,1,NULL);
INSERT INTO s284712.GAME_INSTANCE (id,game_id,won_child_id) VALUES (7,0,NULL);
INSERT INTO s284712.GAME_INSTANCE (id,game_id,won_child_id) VALUES (8,1,4);
INSERT INTO s284712.GAME_INSTANCE (id,game_id,won_child_id) VALUES (9,1,NULL);
INSERT INTO s284712.GAME_PARTICIPATION (child_id,game_instance_id) VALUES (0,1);
INSERT INTO s284712.GAME_PARTICIPATION (child_id,game_instance_id) VALUES (0,2);
INSERT INTO s284712.GAME_PARTICIPATION (child_id,game_instance_id) VALUES (1,7);
INSERT INTO s284712.GAME_PARTICIPATION (child_id,game_instance_id) VALUES (0,3);
INSERT INTO s284712.GAME_PARTICIPATION (child_id,game_instance_id) VALUES (1,8);
INSERT INTO s284712.GAME_PARTICIPATION (child_id,game_instance_id) VALUES (1,8);
INSERT INTO s284712.GAME_PARTICIPATION (child_id,game_instance_id) VALUES (1,9);
INSERT INTO s284712.GAME_PARTICIPATION (child_id,game_instance_id) VALUES (0,2);
INSERT INTO s284712.GAME_PARTICIPATION (child_id,game_instance_id) VALUES (0,7);
INSERT INTO s284712.GAME_PARTICIPATION (child_id,game_instance_id) VALUES (0,5);
INSERT INTO s284712.GAME_WATCHING (adult_id,game_instance_id) VALUES (1,1);
INSERT INTO s284712.GAME_WATCHING (adult_id,game_instance_id) VALUES (0,4);
INSERT INTO s284712.GAME_WATCHING (adult_id,game_instance_id) VALUES (1,7);
INSERT INTO s284712.GAME_WATCHING (adult_id,game_instance_id) VALUES (1,2);
INSERT INTO s284712.GAME_WATCHING (adult_id,game_instance_id) VALUES (0,5);
INSERT INTO s284712.GAME_WATCHING (adult_id,game_instance_id) VALUES (0,5);
INSERT INTO s284712.GAME_WATCHING (adult_id,game_instance_id) VALUES (0,1);
INSERT INTO s284712.GAME_WATCHING (adult_id,game_instance_id) VALUES (1,0);
INSERT INTO s284712.GAME_WATCHING (adult_id,game_instance_id) VALUES (0,2);
INSERT INTO s284712.GAME_WATCHING (adult_id,game_instance_id) VALUES (1,2);
INSERT INTO s284712.FRIENDSHIP (child_id,adult_id,power) VALUES (0,4,65);
INSERT INTO s284712.FRIENDSHIP (child_id,adult_id,power) VALUES (2,5,56);
INSERT INTO s284712.FRIENDSHIP (child_id,adult_id,power) VALUES (3,2,72);
INSERT INTO s284712.FRIENDSHIP (child_id,adult_id,power) VALUES (5,0,83);
INSERT INTO s284712.FRIENDSHIP (child_id,adult_id,power) VALUES (2,3,18);
INSERT INTO s284712.FRIENDSHIP (child_id,adult_id,power) VALUES (1,5,26);
INSERT INTO s284712.FRIENDSHIP (child_id,adult_id,power) VALUES (2,4,85);
INSERT INTO s284712.FRIENDSHIP (child_id,adult_id,power) VALUES (4,0,18);
INSERT INTO s284712.FRIENDSHIP (child_id,adult_id,power) VALUES (0,3,71);
INSERT INTO s284712.FRIENDSHIP (child_id,adult_id,power) VALUES (0,5,26);
INSERT INTO s284712.QUESTION (adult_id,content,priority) VALUES (3,'HOW ADULTS HAVE GROWN OUT OF THESE WONDERFUL CREATURES?',77);
INSERT INTO s284712.QUESTION (adult_id,content,priority) VALUES (1,'HOW ADULTS HAVE GROWN OUT OF THESE WONDERFUL CREATURES?',21);
INSERT INTO s284712.QUESTION (adult_id,content,priority) VALUES (5,'WHERE I AM?',21);
INSERT INTO s284712.QUESTION (adult_id,content,priority) VALUES (2,'WHERE I AM?',78);
INSERT INTO s284712.QUESTION (adult_id,content,priority) VALUES (1,'FOR WHAR I AM?',61);

